study,risk_accuracy,risk_f1,risk_auc,outcome_accuracy,outcome_f1,outcome_auc,sample_count,feature_count
all_features,0.9801587301587301,0.9696969696969697,0.9889526542324247,0.7817460317460317,0.7639484978540773,0.8670263408441764,252.0,6
no_body_metrics,0.9722222222222222,0.9570552147239264,0.9890961262553802,0.7896825396825397,0.7623318385650224,0.8788955887019992,252.0,3
vitals_only,0.9841269841269841,0.9759036144578312,0.9870157819225251,0.7222222222222222,0.75,0.8640431609013013,252.0,3
